id,likeNum,commentsLen,reposts_count,region,content,contentLen,created_at,type,detailUrl,authorAvatar,authorName,authorDetail,isVip
5263645739323011,1072,182,201,无,#刘宇马上来财# 《马上来财》这歌到底有什么魔力啊！！！这节奏小马听了都得蹦两下！太上头了，直冲天灵盖！#刘宇新歌马上来财# 2月14日（腊月廿七）19:30，锁定@河南卫视 、@大象新闻 ，2026#河南春晚#，马蹄升升潮前跃！ http://t.cn/AX59f2QQ ​,227,2026-02-07,热门,https://weibo.com/1834783273/QqHIpD7l9,"https://tvax4.sinaimg.cn/crop.0.0.400.400.180/0020ayWBly8i8yfo7s6usj60b40b4t8p02.jpg?KID=imgbed,tva&Expires=1770494376&ssig=iJfeUCvJGu",河南卫视,https://weibo.com/u/1834783273,0
5263055224309557,20000,10536,10266,北京,"肠胃突然罢工，很遗憾没能走完微博之夜全程。
感谢雨彤帮忙领奖，感谢微博之夜的奖杯鼓励🏆和后台的“临时床位”！大家都要注意身体，下次会以更好的状态和大家再见面！ ​",159,2026-02-05,热门,https://weibo.com/1788283193/QqslYi56Z,"https://tvax2.sinaimg.cn/crop.0.0.1080.1080.180/001X1s9jly8hbtviqa2e4j60u00u0ac202.jpg?KID=imgbed,tva&Expires=1770494376&ssig=uTarP5Tawd",Crystal张天爱,https://weibo.com/u/1788283193,0
5261478330633113,458321,166960,326143,浙江,拍厉得 ​,6,2026-02-01,热门,https://weibo.com/7051114584/QpNkB2EHv,"https://tvax2.sinaimg.cn/crop.0.0.720.720.180/007HbL0Aly8i979h9p8vij30k00k0my5.jpg?KID=imgbed,tva&Expires=1770494376&ssig=mH10RKGGdT",张凌赫z,https://weibo.com/u/7051114584,0
5262980508028642,6334,369,70,北京,#陈都灵陈哲远 对视这一下##陈都灵陈哲远 憋不住了#  【新浪娱乐盛典突击队✖️#微博之夜#】@陈都灵 @陈哲远- 好权威的两张脸，对视根本憋不住[笑cry] http://t.cn/AX5ftPMM  ​,140,2026-02-05,热门,https://weibo.com/6579479488/QqqpsxGCe,"https://tvax1.sinaimg.cn/crop.0.0.1080.1080.180/007bgPaUly8h8v3r85e5sj30u00u0jto.jpg?KID=imgbed,tva&Expires=1770494376&ssig=woEvI23MOf",娱情Lab,https://weibo.com/u/6579479488,0
5263601206298305,989,125,151,无,【#特朗普社媒删除与奥巴马有关视频#，涉嫌种族歧视】#白宫回应把奥巴马夫妇P成猴子视频# 美国总统特朗普的社交媒体账号2月5日夜间发布一段涉及前总统奥巴马及其夫人米歇尔的视频片段。该视频片段涉嫌种族歧视，引发各方强烈不满和谴责。白宫方面6日将视频删除，距其发布已过去10余小时。 ​,786,2026-02-07,热门,https://weibo.com/1618051664/QqGyAqqtz,"https://tvax1.sinaimg.cn/crop.0.4.535.535.180/001Lvb9uly8h8vgoyk5brj60f00f0jrq02.jpg?KID=imgbed,tva&Expires=1770494376&ssig=rqgJODOMuk",头条新闻,https://weibo.com/u/1618051664,0
5263350328201286,10662,668,637,山西,临近春节东北大姨们开始排队烫头 http://t.cn/AX5XZgag ​,51,2026-02-06,热门,https://weibo.com/3835234995/QqA1WypwO,"https://tvax1.sinaimg.cn/crop.0.0.1080.1080.180/e4990ab3ly8hodg5jyg7rj20u00u0wf9.jpg?KID=imgbed,tva&Expires=1770494376&ssig=uhuxwmeAdr",时点视频,https://weibo.com/u/3835234995,1
5262554542900524,436385,96744,172015,北京,这边下雪啦！ http://t.cn/AX54KNsT ​,33,2026-02-04,热门,https://weibo.com/5781292544/QqfkqcayE,"https://tvax4.sinaimg.cn/crop.0.0.512.512.180/006jfIhWly8hdl2ohox3tj30e80e83yg.jpg?KID=imgbed,tva&Expires=1770494376&ssig=dKRf993%2Bxg",时代少年团-丁程鑫,https://weibo.com/u/5781292544,0
5263293484634303,73151,17714,26193,北京,"#多来跳舞吧# 开启新的Goodone系列🎬

一支舞蹈，one take，没有复杂的背景，希望大家可以感受到—纯粹的舞蹈本身的魅力。

谢谢@王霏霏Fei 姐作为第一期嘉宾参加，久违的一起跳舞非常开心。

编舞来自：SCRamble http://t.cn/AX56y1GG ​",220,2026-02-06,热门,https://weibo.com/7155113315/QqyygjrAP,"https://tvax4.sinaimg.cn/crop.0.0.1080.1080.180/007Oe7Ptly8hn6643ezzij30u00u0q5l.jpg?KID=imgbed,tva&Expires=1770494376&ssig=xz2D0rW1VY",赞多SANTA,https://weibo.com/u/7155113315,0
5263320833594227,10168,38,58,浙江,张艺凡的身材很曼妙#微博之夜# http://t.cn/AX56lAG7 ​,49,2026-02-06,热门,https://weibo.com/5622455150/Qqzgnf51p,"https://tvax1.sinaimg.cn/crop.0.0.600.600.180/0068vfquly8h8qtshdmknj30go0goab5.jpg?KID=imgbed,tva&Expires=1770494376&ssig=T5ePfJoPzZ",蚌壳里的害羞珍珠,https://weibo.com/u/5622455150,0
5263635674564350,1431,508,222,无,#刘宇马上来财# 第N次来到河南卫视的@刘宇Yu_  ，每一次都有新的惊喜带来，这一次是人见人爱的“财神”，这不过年的氛围立马就来了！我第一个来接！#刘宇新歌马上来财# 2月14日（腊月廿七）19:30，锁定@河南卫视 、@大象新闻 ，2026#河南春晚#，马蹄升升潮前跃！ http://t.cn/AX59UaUI ​,264,2026-02-07,热门,https://weibo.com/1834783273/QqHsbj9oy,"https://tvax4.sinaimg.cn/crop.0.0.400.400.180/0020ayWBly8i8yfo7s6usj60b40b4t8p02.jpg?KID=imgbed,tva&Expires=1770494376&ssig=iJfeUCvJGu",河南卫视,https://weibo.com/u/1834783273,0
5263020251942008,10458,350,2424,湖南,"#杨幂内场热聊握手好忙#
杨幂内场入座 又是握手又是热聊
啊啊啊妈幂真的好忙！
根本找不到视频的退出键！
#我拍的星现场##2025微博之夜爆款创作大赛##微博之夜红毯# #杨幂[超话]# http://t.cn/AX5fd2gU  ​",166,2026-02-05,热门,https://weibo.com/2421091810/Qqrrz89cI,"https://tvax3.sinaimg.cn/crop.0.0.750.750.180/904eede2ly8hfxsbd9m1hj20ku0ku75k.jpg?KID=imgbed,tva&Expires=1770494378&ssig=Y5JoarOnWZ",青春摸娱,https://weibo.com/u/2421091810,0
5263066657733975,7746,439,3197,北京,"啊啊啊啊我笑不行了，，热搜预定！
马嘉祺本人亲自认证：#马年每个假期都是马假期#[手指比心][手指比心][手指比心]

#微博之夜内场# http://t.cn/AX5MVxAJ  ​",123,2026-02-05,热门,https://weibo.com/2943098833/QqsEpwrXx,"https://tvax3.sinaimg.cn/crop.0.0.828.828.180/af6c1fd1ly8gp5m529ywij20n00n0gm7.jpg?KID=imgbed,tva&Expires=1770494378&ssig=uHbD1MhVNn",我就是李清华,https://weibo.com/u/2943098833,0
5263640708256961,1961,338,340,无,#刘宇马上来财# 别睡了！你的专属财神@刘宇Yu_  带着手势舞来敲门了！速学，接住这波滚滚财运！#刘宇新歌马上来财# 2月14日（腊月廿七）19:30，锁定@河南卫视 、大象新闻 ，2026#河南春晚#，马蹄升升潮前跃！ http://t.cn/AX59q7jV ​,214,2026-02-07,热门,https://weibo.com/6089226539/QqHAiyE0N,"https://tvax2.sinaimg.cn/crop.0.0.600.600.180/006E5LZhly8i9vh2gehwbj30go0go0u2.jpg?KID=imgbed,tva&Expires=1770494378&ssig=ZLwG41sO64",河南春晚官方,https://weibo.com/u/6089226539,0
5263336410713001,14046,11066,10376,湖南,相亲相爱一家人#声生不息# http://t.cn/AX56DyYl ​,45,2026-02-06,热门,https://weibo.com/6738252869/QqzFv2Zu1,"https://tvax3.sinaimg.cn/crop.0.0.1080.1080.180/007m11nTly8i8w1ukqr3vj30u00u0ab4.jpg?KID=imgbed,tva&Expires=1770494378&ssig=NQERy578Bs",王赫野,https://weibo.com/u/6738252869,0
5263720394786862,35,18,29,无,【#爱泼斯坦案仍有数百万页文件被扣留#】#爱泼斯坦案大多数被点名人士均否认#据英国路透社报道，美国司法部公布的数百万页爱泼斯坦案文件，揭露其与全球多国高层人士的密集关联网络，覆盖政界、商界、科技界与王室成员。美国前总统克林顿、英国国王弟弟安德鲁、特斯拉首席执行官马斯克、微软创始人比尔 ​,692,2026-02-07,热门,https://weibo.com/1936076790/QqJEPk5hs,"https://tvax3.sinaimg.cn/crop.0.0.500.500.180/73662ff6ly8h8vgrvey8ej20dw0dwgm2.jpg?KID=imgbed,tva&Expires=1770494378&ssig=Z5%2B%2Fkt55zf",东营网官方微博,https://weibo.com/u/1936076790,0
5262991446246000,38609,5825,10278,北京,"#张凌赫[超话]# ▾ #微博之夜#

热望凝成束光，破开沉厚的暗幕，沿着足迹伸展、蔓延、照亮通途。心灯不熄，前路皆明。@张凌赫z @微博之夜 ​",128,2026-02-05,热门,https://weibo.com/7831110265/QqqH6qcRW,"https://tvax2.sinaimg.cn/crop.0.0.1024.1024.180/008xYxw5ly8i47hgrnmq3j30sg0sg0v3.jpg?KID=imgbed,tva&Expires=1770494378&ssig=9Fa%2FbPxb49",张凌赫工作室official,https://weibo.com/u/7831110265,0
5263059611296682,204336,2222,4152,北京,#微博之夜嘉宾坐席# 快来接收@丁禹兮 @张凌赫z 花式比蝴蝶结手势，两位帅哥同框好养眼～[威武]#微博之夜# http://t.cn/AX5MhMR6  ​,98,2026-02-05,热门,https://weibo.com/1677969704/Qqst35rke,"https://tvax4.sinaimg.cn/crop.0.0.1080.1080.180/001PyAzuly8i9panjcg1qj60u00u0wg502.jpg?KID=imgbed,tva&Expires=1770494378&ssig=ErUVKAwvQR",微博之夜,https://weibo.com/u/1677969704,0
5261433436635518,8653,272,85,无,【#律师称十日终焉剪辑师或侵犯商业机密#：涉及三重责任】 #律师解读十日终焉剪辑师疑泄露剧本# 2月1日，话题#疑似十日终焉剪辑师泄露剧本#登上热搜，引发热议。公开资料显示该剧尚未官宣。微博用户“月夜Junior”自称柠萌影视新剧《十日终焉》的剪辑助理，在社交平台泄露剧本细节、贬低合作演员、自曝 ​,564,2026-02-01,热门,https://weibo.com/7308140398/QpMabrQcu,"https://tvax1.sinaimg.cn/crop.0.0.1080.1080.180/007YAdaely8hue6u20f9xj30u00u00ud.jpg?KID=imgbed,tva&Expires=1770494378&ssig=J1PoaSYBVp",大象新闻,https://weibo.com/u/7308140398,0
5263669400699359,622637,14604,12725,海南,"#TF家族[超话]# 

⏳🎥

#TF家族荣耀之战演唱会# ​",47,2026-02-07,热门,https://weibo.com/3899740210/QqIkA2VVZ,"https://tvax2.sinaimg.cn/crop.0.0.1080.1080.180/e8715032ly8fxtwzkdg6jj20u00u00tj.jpg?KID=imgbed,tva&Expires=1770494378&ssig=drl8vDjf4r",TF家族,https://weibo.com/u/3899740210,0
5263085004919529,840865,161289,924971,北京,马年请多假期😆 ​,16,2026-02-05,热门,https://weibo.com/6290114447/Qqt80kDNf,"https://tvax1.sinaimg.cn/crop.0.0.723.723.180/006RGG6Ply8htggza9r0wj30k30k3mxv.jpg?KID=imgbed,tva&Expires=1770494378&ssig=fpF8YuNb9p",时代少年团队长-马嘉祺,https://weibo.com/u/6290114447,0
5263038131215386,3258,104,136,北京,【2025微博之夜盛典】#孟子义周也到底在聊什么##孟子义周也话太密了# 十分钟过去了，@孟子义 @周也yeah 还在聊，到底在聊什么[流鼻血] ​,125,2026-02-05,热门,https://weibo.com/1893711543/QqrUp56b0,"https://tvax4.sinaimg.cn/crop.0.0.1080.1080.180/00249OSzly8h8v3wogxe8j60u00u0dia02.jpg?KID=imgbed,tva&Expires=1770494380&ssig=OOfuhclZdn",娱乐有饭,https://weibo.com/u/1893711543,0
5263537211703411,4115,438,2882,北京,"#TEAMCHINA逐梦冰雪闪耀米兰# #中国代表团入场#

步履轻盈地走入雪季
去书写属于这一岁的初春
🇨🇳🇨🇳🇨🇳

#冬奥会开幕式# ​​​​（图1-5来源@人民日报 图6-8来源 TEAMCHINA） ​",179,2026-02-07,热门,https://weibo.com/7774780477/QqETn798n,"https://tvax1.sinaimg.cn/crop.0.0.1024.1024.180/008uabz7ly8h8w5tfa5umj30sg0sg3zi.jpg?KID=imgbed,tva&Expires=1770494380&ssig=bRiUlfAZhP",TEAMCHINA中国国家队,https://weibo.com/u/7774780477,0
5262901796405662,21951,1949,1668,北京,"#卢昱晓[超话]# 

“一枚来自未来的铃兰，绽放在宇宙之畔。”

@卢昱晓_ 将每一缕照射过角色的光芒，
凝练成自身的星轨。

此刻，静期，#微博之夜#。 http://t.cn/AX5ckFSS ​",160,2026-02-05,热门,https://weibo.com/7879051570/QqomvqSp8,"https://tvax2.sinaimg.cn/crop.0.0.1080.1080.180/008BdHeWly8i9nfdzhqtjj30u00u078t.jpg?KID=imgbed,tva&Expires=1770494380&ssig=dSMe4FInQz",卢昱晓工作室,https://weibo.com/u/7879051570,0
5263803279478844,38,2,13,上海,#热点解读# #微博新知# 【伊朗不签，美国就打？特朗普的“赢学战争”，逼伊朗走到死角】美国调集一部分军队围住伊朗，然后又逼伊朗谈判。 http://t.cn/AX5pIPC3 ​,149,2026-02-07,热门,https://weibo.com/7291960699/QqLOvDLSA,"https://tvax3.sinaimg.cn/crop.0.0.600.600.180/007Xuk5lly8huh7jry6b9j30go0gomy0.jpg?KID=imgbed,tva&Expires=1770494380&ssig=SaEFVTDgSM",肝帝董佳宁,https://weibo.com/u/7291960699,0
5263814845269379,209767,58895,472581,北京,#中国网络视听盛典# 愿每个听歌的人。都能和我一起。再次回到魏劭的世界。找到属于自己的那份坚定。#2026网络视听盛典就看鹅# http://t.cn/AX5pKUA4 ​,138,2026-02-07,热门,https://weibo.com/5456865382/QqM7am6NZ,"https://tvax3.sinaimg.cn/crop.0.0.512.512.180/005XirXMly8hlj5aowh7wj30e80e8aal.jpg?KID=imgbed,tva&Expires=1770494380&ssig=89WMcVVaoF",摩登兄弟刘宇宁,https://weibo.com/u/5456865382,0
5263078205951434,47597,5242,9931,无,【#肖战宋佳辛芷蕾微博年度榜样影人#】恭喜@宋佳 @肖战 @辛芷蕾 获得“微博年度榜样影人”荣誉！#肖战微博年度榜样演员# ​​​​ http://t.cn/AX5XlK9m  ​,121,2026-02-05,热门,https://weibo.com/1784473157/QqsX2oYeS,"https://tvax3.sinaimg.cn/crop.0.0.300.300.180/001WLsZ7ly8h8vgjl2u01j608c08caa302.jpg?KID=imgbed,tva&Expires=1770494380&ssig=tpNHkDKZ2w",中国新闻网,https://weibo.com/u/1784473157,0
5263188398440517,1172,71,151,无,"#苏翊鸣大跳台晋级决赛##苏翊鸣决赛见#

米兰冬奥会单板滑雪男子大跳台预赛，@苏翊鸣 在首跳摔倒情况下，后两跳顶住压力，总分172.75分晋级决赛，并成功完成了个人冬奥首个1980，决赛见！另外两位中国选手@杨文龙Y_W @葛春宇G 无缘决赛。

@咪咕视频 全场次直播米兰冬奥会，欢迎收看。 ​",314,2026-02-06,热门,https://weibo.com/6320391439/QqvOLzpLn,"https://tvax3.sinaimg.cn/crop.0.0.600.600.180/006TJIxply8i2beurilo1j30go0go75j.jpg?KID=imgbed,tva&Expires=1770494380&ssig=axo55joWY3",咪咕体育,https://weibo.com/u/6320391439,0
5262987288123276,2728,231,229,北京,【2025#微博之夜# 花絮】#白敬亭白西装造型# @白敬亭 微博之夜到场，白西装造型白马王子~ http://t.cn/AX5fMneE ​,104,2026-02-05,热门,https://weibo.com/1893711543/QqqAoy5eA,"https://tvax4.sinaimg.cn/crop.0.0.1080.1080.180/00249OSzly8h8v3wogxe8j60u00u0dia02.jpg?KID=imgbed,tva&Expires=1770494380&ssig=OOfuhclZdn",娱乐有饭,https://weibo.com/u/1893711543,0
5262614294170211,371922,77797,183539,北京,又是晴天🥤 ​,12,2026-02-04,热门,https://weibo.com/5902696506/QqgSNhuRt,"https://tvax4.sinaimg.cn/crop.0.0.512.512.180/006rt70mly8hdl2xf013dj30e80e8glt.jpg?KID=imgbed,tva&Expires=1770494380&ssig=9XdxCWrzMQ",时代少年团-贺峻霖,https://weibo.com/u/5902696506,0
5263318315174310,697,74,31,安徽,双面罗翔，你还敢信？ ​,20,2026-02-06,热门,https://weibo.com/5703136759/QqzcjlI4C,"https://tvax4.sinaimg.cn/crop.0.0.1080.1080.180/006dXMoLly8i8qk1sz4o9j30u00u0dgc.jpg?KID=imgbed,tva&Expires=1770494380&ssig=JvLC5fdPXh",评点一哥,https://weibo.com/u/5703136759,1
5263714375959069,2074,120,90,四川,"🔻字越少，图越少，事儿越大。
🔻你看都没有航天爱好者拍图，就知道这个是真的厉害了。
#我国成功发射可重复使用试验航天器##热点现场# ​",130,2026-02-07,热门,https://weibo.com/1671109627/QqJv7p0e1,"https://tvax4.sinaimg.cn/crop.0.0.512.512.180/639b1bfbly8h0ikpj331kj20e80e8t8w.jpg?KID=imgbed,tva&Expires=1770494383&ssig=%2FHg14CqDto",包容万物恒河水,https://weibo.com/u/1671109627,1
5263666146182386,1078,15,79,海南,#孙颖莎想恢复到最好的竞技状态# 海口亚洲杯，孙颖莎3比1战胜金娜英，孙颖莎赛后采访：想通过亚洲杯恢复到最好的竞技状态。 http://t.cn/AX59YYrR  ​,115,2026-02-07,热门,https://weibo.com/6277730834/QqIfkpWjU,"https://tvax2.sinaimg.cn/crop.0.0.400.400.180/006QQIz8ly8hut66gkrqaj30b40b43yq.jpg?KID=imgbed,tva&Expires=1770494383&ssig=bJAZpwjO8i",吃瓜比赛冠军,https://weibo.com/u/6277730834,0
5261972213072344,1041586,47869,30109,北京,"#TF家族[超话]#

【TF家族练习生】《希区考克作品152》INTRO VCR完整版

黑暗并非寂静——

有人静悄悄地放下花束，
浴缸的白瓷反射着从未存在的水迹，
擦拭的手势，优雅如剔除证据。

百叶窗陡然闭合，切割最后的天光。
而墙上挂画悄然更迭，
凝视，从此在房间寄生。

柜上人偶被指尖逐一拨弄，
仿佛 ​",600,2026-02-02,热门,https://weibo.com/3899740210/Qq0bbcTfW,"https://tvax2.sinaimg.cn/crop.0.0.1080.1080.180/e8715032ly8fxtwzkdg6jj20u00u00tj.jpg?KID=imgbed,tva&Expires=1770494383&ssig=%2B9UZDtd7JQ",TF家族,https://weibo.com/u/3899740210,0
5263680705137277,510,25,53,四川,我再发一遍给大家看！记得他们的苦难，就是在防止我们立场不坚定后，跌落进这种苦难里！ ​,82,2026-02-07,热门,https://weibo.com/3689493785/QqICOlyrj,"https://tvax3.sinaimg.cn/crop.0.0.1080.1080.180/dbe93519gy1i9xjrl9nfzj20u00u0jyi.jpg?KID=imgbed,tva&Expires=1770494383&ssig=pnSCd%2FLuLE",谜之免女郎X,https://weibo.com/u/3689493785,1
5263284234095871,10495,1529,1706,无,"#德媒爆滑雪运动员向阴茎注射玻尿酸#【#报道称滑雪运动员为飞更远增大阴茎#，WADA回应】据路透社2月5日报道，此前有媒体报道称，有男子跳台滑雪运动员为了飞得更远而向阴茎注射玻尿酸。对此，世界反兴奋剂机构（WADA）负责人表示，他们正密切关注任何有关此事的证据。

此前，德国《图片报》一篇报道援 ​",680,2026-02-06,热门,https://weibo.com/1974576991/Qqyjlhbwr,"https://tvax2.sinaimg.cn/crop.0.0.600.600.180/0029D7FZly8h8vg4kqwr4j60go0got9i02.jpg?KID=imgbed,tva&Expires=1770494383&ssig=G9vQGpGC%2Fs",环球时报,https://weibo.com/u/1974576991,0
5263012396011862,8595,1579,1453,北京,#微博之夜# 红毯之后插空打瞌睡的Boss@刘雨昕 http://t.cn/AX5fR1tc ​,63,2026-02-05,热门,https://weibo.com/7883144062/QqreTpdXw,"https://tvax3.sinaimg.cn/crop.0.0.500.500.180/008BuRSSly8hl8dc2zn4wj30dw0dwmx4.jpg?KID=imgbed,tva&Expires=1770494383&ssig=vY3A7Jd9Hs",想看Boss发疯,https://weibo.com/u/7883144062,0
5263269603575078,38904,7725,9432,北京,"🐽
#李昊[超话]# ​",17,2026-02-06,热门,https://weibo.com/1774840083/QqxVKf02y,"https://tvax3.sinaimg.cn/crop.0.0.1080.1080.180/69c9e913ly8i78ai7cdugj20u00u040b.jpg?KID=imgbed,tva&Expires=1770494383&ssig=zvbuMp2N7Z",种地吧李昊,https://weibo.com/u/1774840083,0
5263640626465168,10187,3157,4181,意大利,开幕式刚结束，激动未平！亲眼看着中国代表团入场，我和@郝允祥 在场边嗓音都喊撕裂了……中国队太棒了！期待你们在这片冰雪中绽放光芒！🇨🇳 🇨🇳 #米兰冬奥会# #我在米兰看冬奥##冬奥加油# http://t.cn/AX59qv2r  ​,185,2026-02-07,热门,https://weibo.com/1193258875/QqHAar7SU,"https://tvax4.sinaimg.cn/crop.0.0.1080.1080.180/001iKN8Tly8i6zc8ikb39j60u00u00vb02.jpg?KID=imgbed,tva&Expires=1770494383&ssig=31G5fweqUk",胡兵,https://weibo.com/u/1193258875,0
5263746407598969,55,4,10,无,"【新媒评外国领导人“访华潮” #中国外交迎来小阳春#】#外评外国领导人访华潮# 新加坡《联合早报》网站2月5日刊登文章，题为《中国外交迎来“小阳春”》，作者是于泽远。主要内容如下：

2月4日是中国二十四节气中的立春，中国外交也见证了一个“小阳春”。

去年12月以来，中国迎来一波外国领导人的“ ​",2715,2026-02-07,热门,https://weibo.com/2375086267/QqKkMvSQ1,"https://tvax3.sinaimg.cn/crop.0.0.512.512.180/002AJCr1ly8h8vh2ucc4tj60e80e8q3602.jpg?KID=imgbed,tva&Expires=1770494383&ssig=SatFjdNo%2F3",参考消息,https://weibo.com/u/2375086267,0
5263308519379695,262403,108932,714349,北京,"Colder MV Out Now！
#KUN#
http://t.cn/AX56GwjK ​",46,2026-02-06,热门,https://weibo.com/1776448504/QqyWvDm5p,"https://tvax3.sinaimg.cn/crop.0.0.1080.1080.180/69e273f8ly8i9l2k6eff7j20u00u0aco.jpg?KID=imgbed,tva&Expires=1770494383&ssig=NPZYIBE1M2",蔡徐坤,https://weibo.com/u/1776448504,0
5263570971394573,9978,433,782,意大利,"终于参与了自己的第一次冬奥开幕式，我也是好起来了🤓看到中国代表团出场，激动得热泪盈眶，荣誉感直冲天灵盖[加油]
就像开幕式前采访说得那样，我真的觉得领奖服是这个世界上最美的衣服！祝福中国代表团、中国短道速滑队都可以身披华服，一起过个好年！#冬奥加油# ​",247,2026-02-07,热门,https://weibo.com/5775941209/QqFLP5QN7,"https://tvax3.sinaimg.cn/crop.0.0.1080.1080.180/006iTga5ly8gthbrvrk0vj60u00u0wfw02.jpg?KID=imgbed,tva&Expires=1770494385&ssig=aEBGzTJF7K",王濛,https://weibo.com/u/5775941209,0
5263620573497385,1315,449,231,无,#刘宇马上来财# 从《Firework》《盛宴》到《同袍》，这次在河南春晚《马上来财》，@刘宇Yu_  为大家送上新春祝福。以国风为骨，点燃每一次舞台，初心不忘，一路向前！#刘宇新歌马上来财# 2月14日（腊月廿七）19:30，锁定@河南卫视 、@大象新闻 ，2026#河南春晚#，马蹄升升潮前跃！  ​,281,2026-02-07,热门,https://weibo.com/1834783273/QqH3PeFPr,"https://tvax4.sinaimg.cn/crop.0.0.400.400.180/0020ayWBly8i8yfo7s6usj60b40b4t8p02.jpg?KID=imgbed,tva&Expires=1770494385&ssig=WVw%2Bhtf4up",河南卫视,https://weibo.com/u/1834783273,0
5263806917775493,379392,75786,85522,北京,"#梓渝[超话]# 

冒个泡！@我是梓渝_ 
#极速小鱼# ​",45,2026-02-07,热门,https://weibo.com/8009243499/QqLUnwCLb,"https://tvax4.sinaimg.cn/crop.0.0.1080.1080.180/008K1Y6Lly8i4st3i2kr1j30u00u0tar.jpg?KID=imgbed,tva&Expires=1770494385&ssig=qimi5FbmKR",梓渝ZIYU工作室,https://weibo.com/u/8009243499,0
5263701130347445,1621525,54633,146661,北京,"致所有关心微博之夜的朋友们：

首先，就2月5日微博之夜活动中因座位人名条粘贴失误所引发的争议，我们向所有受到影响的艺人和粉丝朋友，以及所有关注本次活动的观众朋友，郑重致歉。

2月5日下午2点左右，现场座位及人名条已按既定方案准确布置完毕。然而，在后续复核过程中，因中岛二排座位存在空缺 ​",707,2026-02-07,热门,https://weibo.com/1677969704/QqJ9L1snX,"https://tvax4.sinaimg.cn/crop.0.0.1080.1080.180/001PyAzuly8i9panjcg1qj60u00u0wg502.jpg?KID=imgbed,tva&Expires=1770494385&ssig=%2F66xQWDSFo",微博之夜,https://weibo.com/u/1677969704,0
5263319851079155,11586,528,1955,福建,"#刘宇宁深V缝上了还要捂# 
刘宇宁还是太见外了，穿一身白色深V西装本来是性感又优雅的贵公子，随橙想深V都缝上了，全程还拿手死死捂着领口，哥哥我的粉丝福利呢[流鼻血]宁哥下次领口能不能偷偷想开了，我不得劲儿[期待]（cr.logo）#2025微博之夜爆款创作大赛# http://t.cn/AX56WUMs ​",261,2026-02-06,热门,https://weibo.com/1342715000/QqzeN4wJJ,"https://tvax3.sinaimg.cn/crop.0.0.750.750.180/50083478ly8i5xv6imt05j20ku0kuabe.jpg?KID=imgbed,tva&Expires=1770494385&ssig=ibzs9Mmvo%2B",追星蜀黍,https://weibo.com/u/1342715000,0
5262990823922488,597,49,31,北京,【2025微博之夜花絮】#辛芷蕾 李李回来了##辛芷蕾气质# @辛芷蕾 微博之夜到场，这个气质太绝了！  ​​​​ http://t.cn/AX5fi1Eb  ​,100,2026-02-05,热门,https://weibo.com/1893711543/QqqG6gspW,"https://tvax4.sinaimg.cn/crop.0.0.1080.1080.180/00249OSzly8h8v3wogxe8j60u00u0dia02.jpg?KID=imgbed,tva&Expires=1770494385&ssig=RfMbNcbcUH",娱乐有饭,https://weibo.com/u/1893711543,0
5263631623392202,56,0,47,无,"#定小检 · 新闻播报#【陕西省西安市人大常委会原党组书记、主任韩松严重违纪违法被开除党籍和公职 】经中共中央批准，中央纪委国家监委对陕西省西安市人大常委会原党组书记、主任韩松严重违纪违法问题进行了立案审查调查。

经查，韩松丧失理想信念，背弃初心使命，违反中央八项规定精神，违规接受宴请 ​",970,2026-02-07,热门,https://weibo.com/3190998314/QqHlEeesW,"https://tvax1.sinaimg.cn/crop.0.0.598.598.180/be32c52aly8h8utsf4i0cj20gn0gmq3x.jpg?KID=imgbed,tva&Expires=1770494385&ssig=c7N%2FWRYUm%2F",定陶检察,https://weibo.com/u/3190998314,0
5263543994681031,1156,61,45,无,"#林孝埈转发中国队入场照# 

2026年米兰冬奥会开幕式，@TEAMCHINA中国国家队 晒出中国队入场图

@林孝埈Lin_xiaojun 转发：🇨🇳[加油]

2月5日-23日，@咪咕视频 全场次直播米兰冬奥会，欢迎收看
#中国冬奥代表团入场##上咪咕看米兰冬奥开幕式# ​​​​",238,2026-02-07,热门,https://weibo.com/6320391439/QqF4jjDKv,"https://tvax3.sinaimg.cn/crop.0.0.600.600.180/006TJIxply8i2beurilo1j30go0go75j.jpg?KID=imgbed,tva&Expires=1770494385&ssig=OwJvJ%2FZHZ2",咪咕体育,https://weibo.com/u/6320391439,0
5261826083260181,6009,260,357,无,#田栩宁 新京报##人民画报 田栩宁#近日，演员@田栩宁_ 以公益合伙人身份登上2026年2月2日《新京报》与《人民画报》双刊联动引发粉丝抢购热潮，此次合作突破传统商业代言框架，聚焦内蒙古阿拉善地区荒漠化治理，通过明星影响力带动公众参与环保行动，强调其“根与信念的双向奔赴”理念，该公益计划始于2 ​,373,2026-02-02,热门,https://weibo.com/7422806367/QpWnudG7z,"https://tvax1.sinaimg.cn/crop.0.0.1000.1000.180/0086ll1lly8hw9cc28gcpj30rs0rs3yx.jpg?KID=imgbed,tva&Expires=1770494385&ssig=cdTjBPmS38",中网传播,https://weibo.com/u/7422806367,0
5262333102526994,382551,98809,279278,北京,"随机放宋：随橙想呢居然还有一点短毛库存
#王牌对王牌# http://t.cn/AX52d1lQ ​",72,2026-02-03,热门,https://weibo.com/6015189526/Qq9zgaBnY,"https://tvax3.sinaimg.cn/crop.0.0.512.512.180/006z57zUly8hdl2r62c0wj30e80e8aa5.jpg?KID=imgbed,tva&Expires=1770494385&ssig=yU5udxq9qf",时代少年团-宋亚轩,https://weibo.com/u/6015189526,0
